{"X": [59.257376, 24.199784],
"X": [63.975633, -22.642224],
"X": [20.672476, 58.890323],
"X": [29.696077, 47.433582], 
"X": [0.044562, 32.453647], 
"X": [36.632040, -6.331940], 
"X": [42.289038, 24.720478],
"X": [42.362756, 21.247567],
"X": [45.541807, 11.578671],
"X": [49.682149, 11.800944]}